{"cameraMode":{"drawMode":0,"name":"Shaded","section":"Shading Mode"},"sceneLighting":false,"audioPlay":false,"sceneViewState":{"showFog":true,"showMaterialUpdate":false,"showSkybox":false,"showFlares":true,"showImageEffects":true,"showParticleSystems":true},"in2DMode":false,"pivot":{"x":-452.5825500488281,"y":510.6284484863281,"z":-182.93211364746095},"rotation":{"x":0.27683475613594057,"y":0.044658154249191287,"z":-0.012880866415798664,"w":0.9597956538200378},"size":29.475168228149415,"orthographic":false}