{"cameraMode":{"drawMode":0,"name":"Shaded","section":"Shading Mode"},"sceneLighting":false,"audioPlay":false,"sceneViewState":{"showFog":true,"showMaterialUpdate":false,"showSkybox":false,"showFlares":true,"showImageEffects":true,"showParticleSystems":true},"in2DMode":false,"pivot":{"x":1.4752634763717652,"y":0.6759109497070313,"z":9.634100914001465},"rotation":{"x":0.19695647060871125,"y":-0.023531900718808175,"z":0.004728839732706547,"w":0.9801207780838013},"size":25.435016632080079,"orthographic":false}