{"cameraMode":{"drawMode":0,"name":"Shaded","section":"Shading Mode"},"sceneLighting":false,"audioPlay":false,"sceneViewState":{"showFog":true,"showMaterialUpdate":false,"showSkybox":true,"showFlares":true,"showImageEffects":true,"showParticleSystems":true},"in2DMode":false,"pivot":{"x":-177.3528289794922,"y":506.49383544921877,"z":254.0353240966797},"rotation":{"x":0.376278817653656,"y":0.6204168200492859,"z":-0.4441397786140442,"w":0.5255962014198303},"size":23.696321487426759,"orthographic":false}