{"cameraMode":{"drawMode":0,"name":"Shaded","section":"Shading Mode"},"sceneLighting":false,"audioPlay":false,"sceneViewState":{"showFog":true,"showMaterialUpdate":false,"showSkybox":false,"showFlares":true,"showImageEffects":true,"showParticleSystems":true},"in2DMode":false,"pivot":{"x":3.4423160552978517,"y":10.919519424438477,"z":5.955144882202148},"rotation":{"x":0.012806645594537259,"y":-0.37460392713546755,"z":0.005164728499948978,"w":0.9270909428596497},"size":32.247413635253909,"orthographic":false}