{"cameraMode":{"drawMode":0,"name":"Shaded","section":"Shading Mode"},"sceneLighting":false,"audioPlay":false,"sceneViewState":{"showFog":true,"showMaterialUpdate":false,"showSkybox":false,"showFlares":true,"showImageEffects":true,"showParticleSystems":true},"in2DMode":false,"pivot":{"x":0.18844899535179139,"y":1.3395720720291138,"z":2.2178854942321779},"rotation":{"x":-0.18181459605693818,"y":0.7784397602081299,"z":-0.2616952657699585,"w":-0.540827214717865},"size":23.696321487426759,"orthographic":false}