{"cameraMode":{"drawMode":0,"name":"Shaded","section":"Shading Mode"},"sceneLighting":false,"audioPlay":false,"sceneViewState":{"showFog":true,"showMaterialUpdate":false,"showSkybox":true,"showFlares":true,"showImageEffects":true,"showParticleSystems":true},"in2DMode":false,"pivot":{"x":-52.48000717163086,"y":89.96438598632813,"z":157.34559631347657},"rotation":{"x":-0.14472134411334992,"y":0.8535157442092896,"z":-0.3230305016040802,"w":-0.38238516449928286},"size":15.84111213684082,"orthographic":false}